id,fullName,job,gender,city,salary,birthday,children
1,Adore Edinborough,Structural Engineer,Female,Erie,4604,28/06/1990,[]
2,Ev Dutson,Chemical Engineer,Male,Calape,7188,03/10/1999,"[{""name"":""Kellie Kenewell"",""age"":15},{""name"":""Yolande Rickets"",""age"":3},{""name"":""Marnia Kocher"",""age"":15},{""name"":""Morry Vogeller"",""age"":6},{""name"":""Aurel Kasperski"",""age"":11}]"
3,Angel Cherrie,VP Marketing,Male,Gambalidio,6720,28/07/1994,"[{""name"":""Nadiya Twidell"",""age"":15},{""name"":""Giusto Goodread"",""age"":14}]"
4,Jamesy Millsap,Product Engineer,Male,Kawangu,2775,08/01/1995,"[{""name"":""Barret Brugger"",""age"":2},{""name"":""Glyn Patkin"",""age"":13},{""name"":""Helsa Pashenkov"",""age"":18}]"
5,Solly Damato,Desktop Support Technician,Male,Tvŭrditsa,9677,29/01/1991,"[{""name"":""Alic Friel"",""age"":17},{""name"":""Farrand Chetham"",""age"":11},{""name"":""Bartholemy Couvert"",""age"":3}]"
6,Lenore Shankland,Senior Developer,Female,Kachia,4411,24/05/1995,[]
7,Thomasin Danielot,Budget/Accounting Analyst IV,Female,Chok Chai,7754,18/09/1998,"[{""name"":""Trumann Shier"",""age"":14},{""name"":""Bastien Rawstron"",""age"":15},{""name"":""Terrie Mayte"",""age"":4}]"
8,Ned Mordan,Media Manager II,Male,Batang,9338,25/09/1992,"[{""name"":""Melosa Franey"",""age"":15},{""name"":""Brynne Massingham"",""age"":12},{""name"":""Camella Lyttle"",""age"":6},{""name"":""Virginia Darrach"",""age"":13},{""name"":""Hannie Husbands"",""age"":1}]"
9,Ber Halhead,Occupational Therapist,Male,Curumaní,3570,02/04/2001,"[{""name"":""Libbi Smeall"",""age"":4},{""name"":""Jacky Pinks"",""age"":6},{""name"":""Arlyne McGillacoell"",""age"":13},{""name"":""Lorant Kemson"",""age"":1}]"
10,Dorolice Hurche,Executive Secretary,Female,Kinnegad,2008,25/10/1991,"[{""name"":""Erl Turbard"",""age"":9}]"
11,Sondra Matz,Junior Executive,Female,Karangboyo,8905,16/07/1995,[]
12,Baxie Titt,Safety Technician III,Male,Shymkent,2463,20/03/1995,[]
13,Goldia Kemmet,Accountant I,Female,Bromma,2829,27/09/1994,[]
14,Chrystal Durtnel,Senior Sales Associate,Female,Zhongfang,4118,13/07/1990,"[{""name"":""Jilleen Danelut"",""age"":15},{""name"":""Tori Nelissen"",""age"":5},{""name"":""Kristi Iwaszkiewicz"",""age"":5},{""name"":""Normand Shears"",""age"":17}]"
15,Ynez Stribbling,Account Representative I,Female,Täby,6219,07/02/1994,"[{""name"":""Hillyer Lapham"",""age"":14},{""name"":""Bail McTrustam"",""age"":2},{""name"":""Ken Abreheart"",""age"":13},{""name"":""Wilfred D'Acth"",""age"":8},{""name"":""Jess Beavis"",""age"":5}]"
16,Codee Matyugin,Junior Executive,Female,Железный порт,1494,18/11/1996,"[{""name"":""Frasco Rycraft"",""age"":14},{""name"":""Gabriello Slorance"",""age"":18},{""name"":""Brant Orred"",""age"":9},{""name"":""Jeremie Scally"",""age"":5}]"
17,Dougy Tritten,Safety Technician III,Male,Farinheiras,4379,25/11/1996,"[{""name"":""Say Wemes"",""age"":13},{""name"":""Bale Vanner"",""age"":4}]"
18,Paten Muttock,Product Engineer,Male,Puncakbaru,5877,11/09/2001,"[{""name"":""Clarita Ianniello"",""age"":14}]"
19,Cynthy Manchester,Staff Accountant IV,Female,Moss,3368,10/03/1994,"[{""name"":""Winne Stephenson"",""age"":3},{""name"":""Leonanie Torns"",""age"":10},{""name"":""Fonzie Strevens"",""age"":17},{""name"":""Flo Olsen"",""age"":9},{""name"":""Mame Cobon"",""age"":4}]"
20,Vernor Bellow,Project Manager,Male,Tubod,8209,07/11/1997,"[{""name"":""Emmet Marages"",""age"":1},{""name"":""Marcelia Leeburne"",""age"":15},{""name"":""Bogart Pym"",""age"":18}]"
21,Belinda Search,Professor,Female,Taunggyi,7272,07/01/1992,"[{""name"":""Gail Woodfine"",""age"":7},{""name"":""Renate Helbeck"",""age"":10},{""name"":""Adoree Predohl"",""age"":8},{""name"":""Herrick Twigge"",""age"":17},{""name"":""Harmonia Skentelbery"",""age"":7}]"
22,Idalina Brugemann,Software Test Engineer II,Female,Rennes,9685,07/05/1992,"[{""name"":""Georgeanne Cruickshank"",""age"":9},{""name"":""Denys Goodge"",""age"":9},{""name"":""Quinn Haverty"",""age"":7},{""name"":""Yasmin Hazeltine"",""age"":1},{""name"":""Karel Ordidge"",""age"":1}]"
23,Robbie Kunert,Senior Quality Engineer,Male,Wenchang,9643,15/04/1997,[]
24,Markos Brinsden,Account Coordinator,Male,Buur Gaabo,7168,07/10/1997,"[{""name"":""Lettie Margrie"",""age"":18}]"
25,Justino Jahn,Junior Executive,Male,Liangshan,9357,23/05/1990,"[{""name"":""Lind Jaffra"",""age"":5},{""name"":""Auria Ambler"",""age"":10},{""name"":""Jody Haithwaite"",""age"":14},{""name"":""Elsinore Crosio"",""age"":15}]"
26,Dalis Twitty,Accountant III,Male,Anqing,8027,13/04/1996,[]
27,Ebonee Scarf,Human Resources Manager,Female,Notsé,2585,20/12/2001,"[{""name"":""Lilly Braniff"",""age"":1},{""name"":""Brigitte Cumber"",""age"":18},{""name"":""Berkly Furley"",""age"":4},{""name"":""Calley Creane"",""age"":15},{""name"":""Cate Chavez"",""age"":12}]"
28,Gordie Cisco,Food Chemist,Male,Taghazout,3597,01/10/1992,"[{""name"":""Kimmie Peddowe"",""age"":6},{""name"":""Kittie O'Scanlan"",""age"":12},{""name"":""Alexandr Duxbarry"",""age"":11},{""name"":""Rhea Fleisch"",""age"":4}]"
29,Jodee Linkin,Senior Cost Accountant,Female,Pancoran,1579,12/04/1999,"[{""name"":""Danielle Pfeifer"",""age"":5}]"
30,Sinclare Saladin,Information Systems Manager,Male,Hyères,3648,31/12/1996,"[{""name"":""Tyler Blinman"",""age"":9},{""name"":""Cynde Davidow"",""age"":17},{""name"":""Marys Hanalan"",""age"":11},{""name"":""Hyacinthie Wrighton"",""age"":10}]"
31,Fiona Inchboard,Health Coach II,Female,Châlons-en-Champagne,7211,07/11/2001,"[{""name"":""Sigismondo Shera"",""age"":16},{""name"":""Jesse Cahen"",""age"":18}]"
32,Barri Mandrey,Computer Systems Analyst III,Male,Sufang,3282,16/08/1996,"[{""name"":""Rosella Hellsdon"",""age"":15},{""name"":""Calypso Josovitz"",""age"":2}]"
33,Tally Dulson,Account Representative I,Male,Shikārpur,3677,07/12/1991,[]
34,Hayes Ville,Physical Therapy Assistant,Male,Lela,7138,22/02/1997,"[{""name"":""Beatrix Hagergham"",""age"":6},{""name"":""Eleonora Feeney"",""age"":9},{""name"":""Nathalie Boost"",""age"":8},{""name"":""Peggie Lantaff"",""age"":6},{""name"":""Ola Caustic"",""age"":1}]"
35,Jessee Gander,Civil Engineer,Male,Eloy Alfaro,6552,12/06/1993,"[{""name"":""Val Fairs"",""age"":1},{""name"":""Gorden Clorley"",""age"":1},{""name"":""Warner Clemmey"",""age"":2}]"
36,Lauryn Tuckey,Physical Therapy Assistant,Female,Pigeiros,3641,31/05/1994,"[{""name"":""Christi D'Agostino"",""age"":7},{""name"":""Nate Neesam"",""age"":13},{""name"":""Derry Searl"",""age"":1},{""name"":""Axel Boecke"",""age"":16}]"
37,Laurie Lechelle,Executive Secretary,Female,Cunén,9040,01/01/1992,[]
38,Thurstan Stapels,Programmer IV,Male,Drosiá,1224,12/10/1995,"[{""name"":""Leif Barniss"",""age"":7},{""name"":""Lorianna Dilnot"",""age"":17},{""name"":""Cherin Robjents"",""age"":12},{""name"":""Odelle O'Doran"",""age"":1}]"
39,Mady Jacklin,Community Outreach Specialist,Female,Shunling,9418,18/08/1990,"[{""name"":""Killian Pfeuffer"",""age"":17},{""name"":""Kevina Dewsnap"",""age"":6},{""name"":""Alvie Moylane"",""age"":8},{""name"":""Emelen Croston"",""age"":11}]"
40,Holly-anne Bainbridge,VP Quality Control,Female,Kloangpopot,4814,14/12/2000,"[{""name"":""Fenelia Bearne"",""age"":9},{""name"":""Susanetta Mechem"",""age"":10},{""name"":""Tandi Sauniere"",""age"":17},{""name"":""Minnie Van der Spohr"",""age"":7}]"
41,Woodman Austwick,Account Coordinator,Male,Slyudyanka,9718,26/01/1991,"[{""name"":""Matty Tillerton"",""age"":7}]"
42,Rafaelia Makinson,Quality Engineer,Female,Beitou,3474,22/11/1990,"[{""name"":""Shay Collington"",""age"":3},{""name"":""Bendite Wickstead"",""age"":15}]"
43,Buck Eldered,Account Representative IV,Male,Honglu,5427,08/01/1993,"[{""name"":""Lonee Le Gallo"",""age"":18},{""name"":""Clem Gatus"",""age"":8},{""name"":""Rheba Vowels"",""age"":18},{""name"":""Tiena Hertwell"",""age"":10}]"
44,Leicester Bestall,Senior Developer,Male,Cotovia,8377,12/04/2001,"[{""name"":""Morgun Tibols"",""age"":15}]"
45,Ethel Yurkevich,Sales Representative,Female,Guaíba,8347,07/02/2001,"[{""name"":""Bo de Aguirre"",""age"":6},{""name"":""Carroll Lideard"",""age"":4},{""name"":""Alta Elijahu"",""age"":7},{""name"":""Craig Skerratt"",""age"":7}]"
46,Mag Jerosch,Research Nurse,Female,Malambo,3374,23/07/2000,"[{""name"":""Ferd Denekamp"",""age"":14},{""name"":""Zak Paulo"",""age"":8},{""name"":""Amity Mollene"",""age"":2},{""name"":""Davida Rizzardini"",""age"":13},{""name"":""Reyna Shills"",""age"":17}]"
47,Giorgi Bingell,Account Representative IV,Male,Makin Village,7691,02/03/2000,"[{""name"":""West Haggerty"",""age"":12}]"
48,Rudd Entwisle,Senior Editor,Male,Shuinan,4754,19/07/1990,"[{""name"":""Brittaney Preto"",""age"":1},{""name"":""Valentino Layton"",""age"":12},{""name"":""Ashlin Tabourin"",""age"":8}]"
49,Cecily Gravenell,Marketing Manager,Female,Mirzāpur,5168,27/11/1995,"[{""name"":""Godfry Brimming"",""age"":10},{""name"":""Gabriela Ewers"",""age"":16},{""name"":""Peyton Deaville"",""age"":12},{""name"":""Karissa Bretland"",""age"":16},{""name"":""Barret McFie"",""age"":18}]"
50,Mufinella Farquhar,VP Quality Control,Female,Klang,5742,05/04/2000,"[{""name"":""Thomasina Dragoe"",""age"":6}]"
51,Flossi Rockhill,Database Administrator II,Female,Topol’noye,8521,02/02/2000,"[{""name"":""Aimil Blood"",""age"":18}]"
52,Desiree Extance,VP Quality Control,Female,Nueve de Julio,1863,07/02/1993,"[{""name"":""Shadow Metzel"",""age"":5},{""name"":""Garvy Clyburn"",""age"":14}]"
53,Doll Lesek,Computer Systems Analyst I,Female,Promna,9395,08/07/1996,"[{""name"":""Carlynn McGillicuddy"",""age"":5},{""name"":""Gianni Crusham"",""age"":16},{""name"":""Cassie Thame"",""age"":7}]"
54,Mariquilla Partlett,Pharmacist,Female,Pau,7274,25/07/1998,"[{""name"":""Harrison Tassaker"",""age"":15},{""name"":""Slade Redwood"",""age"":11},{""name"":""Cordula Ruddy"",""age"":4},{""name"":""Dollie Emlen"",""age"":18}]"
55,Beauregard Brownhall,Paralegal,Male,Pieksämäki,3627,17/03/1996,"[{""name"":""Adaline Milham"",""age"":5},{""name"":""Elayne Andree"",""age"":14},{""name"":""Arleen Charsley"",""age"":14},{""name"":""Rufus Monksfield"",""age"":5},{""name"":""Adriena Inchan"",""age"":4}]"
56,Stanton Rawstron,Account Executive,Male,Tamansari,7837,07/01/1994,"[{""name"":""Ewan Carroll"",""age"":12},{""name"":""Stefanie Aldred"",""age"":11},{""name"":""Morissa Gurwood"",""age"":13},{""name"":""Humfried Daniele"",""age"":3},{""name"":""Elle Gladebeck"",""age"":14}]"
57,Corty Farrance,Civil Engineer,Male,General Santos,1865,14/09/1993,"[{""name"":""Gran Salleir"",""age"":6},{""name"":""Candide Vickery"",""age"":12},{""name"":""Howard Hopewell"",""age"":17},{""name"":""Stormi Firbanks"",""age"":1}]"
58,Ash Ruprecht,Engineer IV,Male,Ciwaru,8289,20/02/1999,"[{""name"":""Eleonore Dowdall"",""age"":10},{""name"":""Kesley Dewsbury"",""age"":11},{""name"":""Giovanna Rowe"",""age"":5},{""name"":""Llywellyn Maciocia"",""age"":12},{""name"":""Berton Le Moucheux"",""age"":6}]"
59,Teodorico Tinniswood,Senior Quality Engineer,Male,Houjiachuan,2394,25/09/1996,"[{""name"":""Thomasin Extal"",""age"":2},{""name"":""Ebonee Silkston"",""age"":10},{""name"":""Blinny Gummie"",""age"":3},{""name"":""Belinda Kilbee"",""age"":15}]"
60,Shelby Vasyutkin,Cost Accountant,Male,Naekan,9815,25/06/1999,"[{""name"":""Rosmunda Pharaoh"",""age"":12}]"
61,Teddy Messent,Marketing Manager,Male,Sobral,9239,22/11/1996,[]
62,Carita Luigi,Information Systems Manager,Female,Midões,7068,12/11/1998,"[{""name"":""Nelson Lamburne"",""age"":9},{""name"":""Dru Browell"",""age"":10}]"
63,Fallon Kareman,Database Administrator IV,Female,Pukë,8778,28/06/2000,"[{""name"":""Frankie Eddie"",""age"":16}]"
64,Therese Clapton,Account Representative IV,Female,Padre Nabeto,4664,20/09/1995,"[{""name"":""Nat Marchington"",""age"":13},{""name"":""Niven Dumper"",""age"":16},{""name"":""Aldus Yerborn"",""age"":11}]"
65,Casey Bambrick,Staff Scientist,Male,Qādirpur Rān,3025,07/05/1995,"[{""name"":""Dyan Thumnel"",""age"":17}]"
66,Patience Bearns,Administrative Assistant I,Female,Haradzyeya,8478,06/07/1999,"[{""name"":""Barclay O'Dowling"",""age"":13},{""name"":""Ryun Klimus"",""age"":17},{""name"":""Rozella Westmorland"",""age"":9},{""name"":""Gracie Andriss"",""age"":11},{""name"":""Lenard Kinkead"",""age"":17}]"
67,Stefan Ondricek,Office Assistant IV,Male,Kowang Utara,8214,16/05/2001,"[{""name"":""Yasmin Seally"",""age"":13},{""name"":""Seana Shambrook"",""age"":11}]"
68,Albertina Lowrie,Account Executive,Female,Horní Libina,5159,11/07/1997,"[{""name"":""Aggie Mapholm"",""age"":14},{""name"":""Daisey Woolam"",""age"":10},{""name"":""Yasmeen McQuirk"",""age"":7},{""name"":""Ariadne Kalewe"",""age"":12}]"
69,Woodman Evetts,Junior Executive,Male,Panoongan,5091,02/02/2000,"[{""name"":""Osbert Acarson"",""age"":4},{""name"":""Granville Gradon"",""age"":18},{""name"":""Patrice Brocking"",""age"":15}]"
70,Julia Dowbiggin,Administrative Officer,Female,Palatine,4289,07/04/1994,"[{""name"":""Will Novis"",""age"":12}]"
71,Edwin Fintoph,Research Assistant III,Male,Sanxi,2633,02/02/2000,"[{""name"":""Maryanna Kildale"",""age"":14},{""name"":""Dwight Gerlts"",""age"":18}]"
72,Arabelle Ivy,Recruiter,Female,Hwange,5059,08/11/1995,"[{""name"":""Woodman Ditchfield"",""age"":4},{""name"":""Saundra Goering"",""age"":17},{""name"":""Hillie Regis"",""age"":17},{""name"":""Maddi Boulden"",""age"":1}]"
73,Nadine Bunnell,Developer II,Female,Xingfu,7191,07/05/1991,"[{""name"":""Imogen Stolle"",""age"":17}]"
74,Mile Hogben,Assistant Professor,Male,Kuala Bintang,1614,19/05/1997,"[{""name"":""Koral Mollison"",""age"":3}]"
75,Krishnah Shapera,Engineer III,Male,Coaraci,1448,26/11/1994,[]
76,Amalie Rochester,Senior Sales Associate,Female,Yaroslavskiy,3467,07/07/1997,"[{""name"":""Ettie Stewart"",""age"":15},{""name"":""Mose Dodshon"",""age"":4}]"
77,Sharlene Attrill,Payment Adjustment Coordinator,Female,Wolomarang,6319,29/04/1992,"[{""name"":""Zea Avramovsky"",""age"":17},{""name"":""Cass Breffit"",""age"":15}]"
78,Pammy Lince,Teacher,Female,Shar’ya,2210,03/04/2000,"[{""name"":""Gregoire Calender"",""age"":2},{""name"":""Nikolia Roache"",""age"":7}]"
79,Elissa Thompson,Tax Accountant,Female,Khanabad,2378,25/02/1993,"[{""name"":""Candis Klicher"",""age"":4},{""name"":""Sashenka Calderwood"",""age"":18},{""name"":""Ashley Dan"",""age"":1},{""name"":""Casi Caddan"",""age"":10}]"
80,Gerrard Marquot,Junior Executive,Male,Xiaochengzi,6943,27/07/1992,"[{""name"":""Alvina Illston"",""age"":5},{""name"":""Justine Rousell"",""age"":16},{""name"":""Frederick Schoenleiter"",""age"":10},{""name"":""Gerladina Blenkhorn"",""age"":15}]"
81,Dorothy MacRedmond,Safety Technician I,Female,Strazhitsa,1570,10/06/1994,"[{""name"":""Shelby Boyington"",""age"":18}]"
82,Juanita Guinnane,Speech Pathologist,Female,Kyshtym,7525,14/07/1991,"[{""name"":""Fifi Cleal"",""age"":4},{""name"":""Geraldine Raitie"",""age"":7},{""name"":""Mab Raveau"",""age"":11},{""name"":""Mireille Trittam"",""age"":14}]"
83,Selina Urian,Account Executive,Female,Varva,8596,20/09/1990,"[{""name"":""Ozzie Blore"",""age"":6},{""name"":""Katie Vannucci"",""age"":12}]"
84,Garland Blanking,Automation Specialist II,Female,Rote,4699,08/07/1994,"[{""name"":""Scarlett Coltan"",""age"":13},{""name"":""Dionne Yewdell"",""age"":2},{""name"":""Dell Winchurst"",""age"":14},{""name"":""Rozamond Kubat"",""age"":12},{""name"":""Josi Hartegan"",""age"":14}]"
85,Constancia Soal,Database Administrator III,Female,Shuiyuesi,6781,06/10/1996,"[{""name"":""Hersch Mowsdill"",""age"":4},{""name"":""Etheline Thredder"",""age"":17}]"
86,Josepha Roelofsen,Director of Sales,Female,Lipu,1924,26/10/1990,"[{""name"":""Hammad Noke"",""age"":2},{""name"":""Adriena Lacaze"",""age"":14}]"
87,Cosetta Izzard,Operator,Female,Phoenix,8674,08/10/1999,"[{""name"":""Dorothy McKie"",""age"":12},{""name"":""Gabbie Kuhne"",""age"":15},{""name"":""Arlyne Garraway"",""age"":12},{""name"":""Kara-lynn Fozard"",""age"":15}]"
88,Marion Aldham,GIS Technical Architect,Female,Quinta da Queimada,6887,09/10/1997,"[{""name"":""Gaye Maypowder"",""age"":8},{""name"":""Martha Jelly"",""age"":16}]"
89,Butch Crickett,Director of Sales,Male,Outjo,2890,26/08/1994,"[{""name"":""Mercie Laroze"",""age"":7},{""name"":""Cecile Rewcastle"",""age"":11},{""name"":""Jonathan Gregolotti"",""age"":2}]"
90,Laural Linthead,Quality Engineer,Female,Sherbrooke,7896,13/02/2000,"[{""name"":""Alley Budding"",""age"":7},{""name"":""Theodoric Pamplin"",""age"":6}]"
91,Berkeley Turley,Financial Analyst,Male,Katrineholm,9744,09/03/1999,[]
92,Kym Iaduccelli,Automation Specialist III,Female,Dallas,6811,13/07/1990,[]
93,Adolphus Norman,Actuary,Male,Yueyahe,2875,22/06/1996,"[{""name"":""Bellanca Espinal"",""age"":1},{""name"":""Delphine Smedley"",""age"":10}]"
94,Anthony Ferry,Teacher,Male,Maubeuge,1364,13/04/1999,"[{""name"":""Gregor Paskell"",""age"":6}]"
95,Rem McMenemy,Structural Engineer,Male,Killam,2839,26/09/1990,"[{""name"":""Whitney Gavrielly"",""age"":16},{""name"":""Karita Morshead"",""age"":16},{""name"":""Lauryn Lassetter"",""age"":5}]"
96,Asia Cuvley,Recruiting Manager,Female,Tha Mai,9531,21/04/1995,"[{""name"":""Leilah Dybell"",""age"":11},{""name"":""Gabrila Pash"",""age"":9},{""name"":""Arnold Tubritt"",""age"":9},{""name"":""Gallagher Hambidge"",""age"":1}]"
97,Manon Clinkard,Nurse,Female,Abang,9057,17/04/1996,"[{""name"":""Stafford Tweedlie"",""age"":3},{""name"":""Quinton Hegges"",""age"":5},{""name"":""Olympie Sprague"",""age"":17},{""name"":""Idette Stading"",""age"":5}]"
98,Cyrill Madine,Senior Sales Associate,Male,Alqueidão,3266,11/10/1999,"[{""name"":""Maressa Galland"",""age"":14},{""name"":""Berta Worsfold"",""age"":7},{""name"":""Mahmoud Leate"",""age"":2},{""name"":""Darrelle Cornfield"",""age"":12}]"
99,Farrel Rehorek,VP Marketing,Male,Dayr al Ghuşūn,2642,09/06/1991,"[{""name"":""Rosamund Elsdon"",""age"":4},{""name"":""Cher Busain"",""age"":5},{""name"":""Brok Anstie"",""age"":2},{""name"":""Willetta Jouhandeau"",""age"":2}]"
100,Nickie Brownill,Registered Nurse,Female,Příbram,4511,28/03/2000,"[{""name"":""Gannie Exer"",""age"":5},{""name"":""Ellary Bock"",""age"":16},{""name"":""Albertina Sibary"",""age"":6}]"
